{"stats":{"minecraft:mined":{"minecraft:grass_block":1,"minecraft:jungle_leaves":1,"minecraft:vine":1,"minecraft:dirt":1},"minecraft:picked_up":{"minecraft:dirt":2},"minecraft:used":{"minecraft:dirt":2},"minecraft:custom":{"minecraft:jump":18,"minecraft:time_since_rest":3326,"minecraft:sprint_one_cm":1181,"minecraft:play_time":3326,"minecraft:damage_taken":20,"minecraft:time_since_death":3326,"minecraft:walk_one_cm":4589,"minecraft:climb_one_cm":181,"minecraft:total_world_time":3326,"minecraft:fall_one_cm":484,"minecraft:fly_one_cm":942}},"DataVersion":3465}