{"stats":{"minecraft:killed_by":{"minecraft:creeper":1},"minecraft:mined":{"minecraft:grass_block":1,"minecraft:vine":1,"minecraft:dirt":1,"minecraft:jungle_leaves":3},"minecraft:picked_up":{"minecraft:wheat_seeds":2,"minecraft:jungle_sapling":1,"minecraft:dirt":2},"minecraft:used":{"minecraft:dirt":4,"minecraft:grass_block":6},"minecraft:dropped":{"minecraft:dirt":1,"minecraft:grass_block":2},"minecraft:custom":{"minecraft:time_since_rest":7660,"minecraft:open_chest":1,"minecraft:play_time":14508,"minecraft:sprint_one_cm":15207,"minecraft:walk_one_cm":10146,"minecraft:damage_taken":305,"minecraft:deaths":1,"minecraft:sneak_time":167,"minecraft:walk_under_water_one_cm":361,"minecraft:drop":3,"minecraft:jump":88,"minecraft:leave_game":1,"minecraft:time_since_death":7264,"minecraft:walk_on_water_one_cm":171,"minecraft:total_world_time":14508,"minecraft:climb_one_cm":449,"minecraft:swim_one_cm":3811,"minecraft:fall_one_cm":3297,"minecraft:fly_one_cm":127148}},"DataVersion":3465}